fng_w,fng_t,fng_a,rainbow_w,rainbow_t,rainbow_a,ratio,equity,trades,avg_alloc
7,8,94,14,0.02,96,1.6738087269031625,10.281597654561862,1661,95.46159169550174
7,8,96,14,0.02,94,1.6738087269031625,10.281597654561862,1661,95.46159169550174
7,8,94,10,0.02,94,1.6496995261983154,10.133503611654737,1702,94.4069204152249
7,8,94,14,0.02,95,1.6448318082591948,10.103602992461212,1661,94.98304498269896
7,8,95,14,0.02,94,1.6448318082591948,10.103602992461212,1661,94.98304498269896
7,8,95,10,0.02,94,1.6314792264504525,10.021582943455305,1702,94.8712802768166
7,8,94,10,0.02,95,1.6314792264504525,10.021582943455305,1702,94.8712802768166
7,8,94,7,0.02,96,1.6178463327042192,9.937841040265747,1676,95.39792387543253
7,8,96,7,0.02,94,1.6178463327042192,9.937841040265747,1676,95.39792387543253
7,8,94,14,0.02,94,1.61546498793851,9.923213306305296,1661,94.50449826989617
7,8,94,10,0.01,96,1.6147780602195898,9.91899375940595,1585,94.65743944636678
7,8,96,10,0.01,94,1.6147780602195898,9.91899375940595,1585,94.65743944636678
7,8,96,10,0.02,94,1.6125973330491417,9.905598346297786,1702,95.3356401384083
7,8,94,10,0.02,96,1.6125973330491417,9.905598346297786,1702,95.3356401384083
7,8,94,10,0.01,95,1.6088090505126516,9.882328305811106,1585,94.20484429065742
7,8,95,10,0.01,94,1.6088090505126516,9.882328305811106,1585,94.20484429065742
7,8,96,7,0.01,94,1.6083652616685895,9.879602272504618,1579,94.72525951557094
7,8,94,7,0.01,96,1.6083652616685895,9.879602272504618,1579,94.72525951557094
7,8,94,10,0.015,94,1.6060927241849257,9.865642902066174,1659,94.08650519031141
7,8,94,10,0.01,94,1.6020283131435848,9.84067670469956,1585,93.75224913494809
7,8,94,10,0.015,95,1.5968670918525285,9.808973201265818,1659,94.5484429065744
7,8,95,10,0.015,94,1.5968670918525285,9.808973201265818,1659,94.5484429065744
7,8,96,14,0.015,94,1.5925873668310613,9.782684408504952,1654,95.14048442906575
7,8,94,14,0.015,96,1.5925873668310613,9.782684408504952,1654,95.14048442906575
7,8,94,10,0.015,96,1.5868594485533747,9.747499891789984,1659,95.01038062283737
7,8,96,10,0.015,94,1.5868594485533747,9.747499891789984,1659,95.01038062283737
7,8,96,14,0.01,94,1.584768824037247,9.734657946485184,1618,94.78200692041521
7,8,94,14,0.01,96,1.584768824037247,9.734657946485184,1618,94.78200692041521
7,8,94,14,0.005,96,1.5832311513713735,9.725212583092809,1494,94.40276816608996
7,8,96,14,0.005,94,1.5832311513713735,9.725212583092809,1494,94.40276816608996
7,8,96,7,0.015,94,1.5746956798306377,9.67278228878064,1650,95.06159169550173
7,8,94,7,0.015,96,1.5746956798306377,9.67278228878064,1650,95.06159169550173
7,8,94,7,0.02,95,1.5743799590307959,9.670842930846263,1676,94.90968858131488
7,8,95,7,0.02,94,1.5743799590307959,9.670842930846263,1676,94.90968858131488
7,8,96,7,0.005,94,1.5695165761830459,9.640968940540825,1477,94.36262975778547
7,8,94,7,0.005,96,1.5695165761830459,9.640968940540825,1477,94.36262975778547
7,8,94,14,0.015,95,1.5636579256209193,9.604981382996,1654,94.67162629757786
7,8,95,14,0.015,94,1.5636579256209193,9.604981382996,1654,94.67162629757786
7,8,95,14,0.02,96,1.5607433229620329,9.587078039931807,1661,95.78961937716264
7,8,96,14,0.02,95,1.5607433229620329,9.587078039931807,1661,95.78961937716264
7,8,94,7,0.01,95,1.5538913381689534,9.544988791832376,1579,94.2584775086505
7,8,95,7,0.01,94,1.5538913381689534,9.544988791832376,1579,94.2584775086505
7,8,95,14,0.01,94,1.5537865796686507,9.544345298502645,1618,94.33010380622837
7,8,94,14,0.01,95,1.5537865796686507,9.544345298502645,1618,94.33010380622837
7,8,95,10,0.02,95,1.550876234816579,9.52646810959565,1702,95.22214532871972
7,10,96,14,0.02,94,1.5451244263706416,9.491136844274399,1653,95.79792387543255
7,10,94,14,0.02,96,1.5451244263706416,9.491136844274399,1653,95.79792387543255
7,8,94,10,0.005,96,1.5434406956747513,9.48079429957647,1481,94.33771626297577
7,8,96,10,0.005,94,1.5434406956747513,9.48079429957647,1481,94.33771626297577
7,8,94,14,0.015,94,1.5344039961055194,9.425285143958732,1654,94.20276816608995
7,8,95,14,0.02,95,1.5337244274807094,9.421110801295406,1661,95.31107266435986
7,8,95,14,0.005,94,1.5331079860481596,9.4173242259925,1494,93.95570934256055
7,8,94,14,0.005,95,1.5331079860481596,9.4173242259925,1494,93.95570934256055
7,8,95,10,0.02,96,1.532927058703543,9.416212855181634,1702,95.68650519031142
7,8,96,10,0.02,95,1.532927058703543,9.416212855181634,1702,95.68650519031142
7,8,94,7,0.02,94,1.5312488435668234,9.405904190555734,1676,94.42145328719722
7,8,94,7,0.015,95,1.52899419815855,9.392054724622753,1650,94.5916955017301
7,8,95,7,0.015,94,1.52899419815855,9.392054724622753,1650,94.5916955017301
7,10,95,14,0.02,94,1.5276346598602708,9.383703575800189,1653,95.30865051903115
7,10,94,14,0.02,95,1.5276346598602708,9.383703575800189,1653,95.30865051903115
7,10,94,10,0.02,94,1.526362825116042,9.37589115798143,1668,94.68996539792387
7,10,94,10,0.01,94,1.525903771991208,9.373071361755164,1563,93.99377162629756
7,8,95,10,0.01,96,1.5234440489931746,9.357962178847364,1585,95.09896193771627
7,8,96,10,0.01,95,1.5234440489931746,9.357962178847364,1585,95.09896193771627
7,8,94,14,0.01,94,1.522595510150417,9.352749913649271,1618,93.87820069204153
7,10,94,10,0.015,94,1.5179586671693657,9.324267475272483,1619,94.35155709342558
7,8,95,10,0.01,95,1.5178131278616118,9.323373480288948,1585,94.64636678200691
7,8,95,10,0.015,95,1.517156957134489,9.319342862393043,1659,94.94117647058823
7,8,94,10,0.005,95,1.5148844166626079,9.305383473599068,1481,93.88892733564013
7,8,95,10,0.005,94,1.5148844166626079,9.305383473599068,1481,93.88892733564013
7,8,95,7,0.005,94,1.514576195535195,9.303490183422145,1477,93.91730103806228
7,8,94,7,0.005,95,1.514576195535195,9.303490183422145,1477,93.91730103806228
7,10,94,14,0.02,94,1.5094633421401271,9.272083786364991,1653,94.81937716262975
7,10,94,10,0.02,95,1.5092867461921136,9.270999021746599,1668,95.18096885813148
7,10,95,10,0.02,94,1.5092867461921136,9.270999021746599,1668,95.18096885813148
7,10,95,10,0.01,94,1.5091486126611733,9.270150517753935,1563,94.49377162629757
7,10,94,10,0.01,95,1.5091486126611733,9.270150517753935,1563,94.49377162629757
7,8,96,7,0.02,95,1.5076585794609991,9.26099778625607,1676,95.72906574394466
7,8,95,7,0.02,96,1.5076585794609991,9.26099778625607,1676,95.72906574394466
7,8,96,10,0.015,95,1.5076486366399584,9.260936711126128,1659,95.40311418685121
7,8,95,10,0.015,96,1.5076486366399584,9.260936711126128,1659,95.40311418685121
5,12,94,14,0.02,94,1.5018119476502974,9.225084055525786,1684,95.11972318339099
7,8,94,7,0.01,94,1.5004566378128041,9.216758880598448,1579,93.79169550173009
7,10,96,7,0.02,94,1.4954883958974514,9.186240779214966,1649,95.73425605536333
7,10,94,7,0.02,96,1.4954883958974514,9.186240779214966,1649,95.73425605536333
7,15,94,14,0.02,96,1.4954505117704222,9.186008070814449,1552,96.50934256055363
7,15,96,14,0.02,94,1.4954505117704222,9.186008070814449,1552,96.50934256055363
7,15,94,10,0.01,94,1.4953091876991027,9.185139968493761,1372,94.46435986159169
7,8,96,7,0.01,95,1.4948998574468526,9.182625601772026,1579,95.15121107266435
7,8,95,7,0.01,96,1.4948998574468526,9.182625601772026,1579,95.15121107266435
7,12,94,14,0.02,94,1.494793592925011,9.181972857500252,1632,95.09896193771625
7,15,94,14,0.02,95,1.4944426139753142,9.179816921587145,1552,95.98615916955018
7,15,95,14,0.02,94,1.4944426139753142,9.179816921587145,1552,95.98615916955018
7,8,96,14,0.015,95,1.4938266004927452,9.176032975025176,1654,95.51349480968858
7,8,95,14,0.015,96,1.4938266004927452,9.176032975025176,1654,95.51349480968858
7,10,94,10,0.015,95,1.4926747050905662,9.168957300920372,1619,94.84913494809688
7,10,95,10,0.015,94,1.4926747050905662,9.168957300920372,1619,94.84913494809688
7,15,94,14,0.02,94,1.4924277527325986,9.167440362489081,1552,95.46297577854669
7,10,96,10,0.01,94,1.4917193062775926,9.163088633827916,1563,94.99377162629756
7,10,94,10,0.01,96,1.4917193062775926,9.163088633827916,1563,94.99377162629756
7,10,94,10,0.02,96,1.4915515886062047,9.162058405230674,1668,95.6719723183391
7,10,96,10,0.02,94,1.4915515886062047,9.162058405230674,1668,95.6719723183391
7,10,95,7,0.02,94,1.4900417174019323,9.152783816095713,1649,95.22076124567475
7,10,94,7,0.02,95,1.4900417174019323,9.152783816095713,1649,95.22076124567475
7,8,95,14,0.01,96,1.486589177459146,9.131576120134115,1618,95.2083044982699
7,8,96,14,0.01,95,1.486589177459146,9.131576120134115,1618,95.2083044982699
7,8,94,10,0.005,94,1.486089059393771,9.128504076927914,1481,93.44013840830449
7,10,94,7,0.01,96,1.485621382765847,9.125631309661577,1569,95.06159169550173
7,10,96,7,0.01,94,1.485621382765847,9.125631309661577,1569,95.06159169550173
7,12,95,14,0.02,94,1.4853523527003443,9.12397875591035,1632,95.60899653979237
7,12,94,14,0.02,95,1.4853523527003443,9.12397875591035,1632,95.60899653979237
7,8,94,7,0.015,94,1.4838445665760658,9.114716974662713,1650,94.12179930795847
7,8,94,14,0.005,94,1.4837930028627966,9.114400237544016,1494,93.50865051903114
7,10,94,7,0.02,94,1.483739405010452,9.114071005449514,1649,94.70726643598614
7,12,94,10,0.01,94,1.4790413587991438,9.085212617910466,1518,94.198615916955
7,8,96,14,0.005,95,1.4763463522925078,9.068658174064948,1494,94.87889273356402
7,8,95,14,0.005,96,1.4763463522925078,9.068658174064948,1494,94.87889273356402
7,12,94,14,0.02,96,1.4750333641793758,9.060592966083016,1632,96.11903114186852
7,12,96,14,0.02,94,1.4750333641793758,9.060592966083016,1632,96.11903114186852
7,15,94,10,0.01,95,1.4732273949810353,9.04949955476581,1372,95.08477508650518
7,15,95,10,0.01,94,1.4732273949810353,9.04949955476581,1372,95.08477508650518
7,8,96,7,0.015,95,1.4709713478902422,9.035641478807396,1650,95.4439446366782
7,8,95,7,0.015,96,1.4709713478902422,9.035641478807396,1650,95.4439446366782
7,10,96,14,0.015,94,1.4702091016070047,9.030959277387383,1643,95.47681660899653
7,10,94,14,0.015,96,1.4702091016070047,9.030959277387383,1643,95.47681660899653
7,10,95,7,0.01,94,1.4688772258351896,9.022778049394269,1569,94.54671280276816
7,10,94,7,0.01,95,1.4688772258351896,9.022778049394269,1569,94.54671280276816
7,8,95,7,0.02,95,1.4671536941453625,9.01219102168025,1676,95.24083044982697
7,10,94,10,0.015,96,1.4669704262355676,9.011065273629582,1619,95.34671280276817
7,10,96,10,0.015,94,1.4669704262355676,9.011065273629582,1619,95.34671280276817
7,8,95,14,0.015,95,1.4666918333490282,9.009353978950099,1654,95.04463667820069
7,15,94,10,0.015,94,1.4632718342159705,8.988346169336088,1472,94.89550173010379
7,15,94,10,0.02,94,1.463244143683489,8.988176076475872,1562,95.30865051903112
7,10,96,14,0.01,94,1.463221659334335,8.98803796330451,1601,95.11833910034603
7,10,94,14,0.01,96,1.463221659334335,8.98803796330451,1601,95.11833910034603
5,10,94,14,0.02,94,1.4629579563824209,8.986418132072707,1754,94.8553633217993
7,8,96,7,0.005,95,1.4626344277995593,8.984430813769684,1477,94.84463667820069
7,8,95,7,0.005,96,1.4626344277995593,8.984430813769684,1477,94.84463667820069
7,10,96,14,0.005,94,1.4615037996002205,8.977485776349543,1498,94.73910034602076
7,10,94,14,0.005,96,1.4615037996002205,8.977485776349543,1498,94.73910034602076
7,8,94,7,0.005,94,1.4608051504388708,8.973194228896576,1477,93.4719723183391
5,8,94,14,0.02,94,1.4607311148295854,8.972739455101609,1734,94.55224913494807
7,10,96,14,0.02,95,1.4594474677756262,8.96485447856448,1653,96.07854671280278
7,10,95,14,0.02,96,1.4594474677756262,8.96485447856448,1653,96.07854671280278
10,10,94,14,0.02,94,1.4591634841212766,8.963110070360864,1704,94.80276816608996
7,8,95,14,0.01,95,1.4575271035668325,8.953058380343885,1618,94.75640138408305
7,8,96,10,0.02,96,1.4560869203702727,8.944211859270187,1702,96.03737024221452
7,10,94,7,0.015,96,1.4554851321664934,8.94051529341707,1626,95.39792387543253
7,10,96,7,0.015,94,1.4554851321664934,8.94051529341707,1626,95.39792387543253
7,15,95,10,0.02,94,1.4545914816378835,8.935025923555823,1562,95.84602076124567
7,15,94,10,0.02,95,1.4545914816378835,8.935025923555823,1562,95.84602076124567
7,8,96,14,0.02,96,1.4542466049786624,8.932907471791552,1661,96.11764705882354
7,10,94,14,0.015,95,1.4538431876771967,8.930429426173859,1643,94.98477508650517
7,10,95,14,0.015,94,1.4538431876771967,8.930429426173859,1643,94.98477508650517
7,12,94,10,0.02,94,1.4536925673269412,8.929504220196003,1644,94.9598615916955
7,8,96,10,0.005,95,1.4536337033269873,8.929142640073893,1481,94.82110726643599
7,8,95,10,0.005,96,1.4536337033269873,8.929142640073893,1481,94.82110726643599
7,12,95,10,0.01,94,1.4526889546411228,8.92333939283506,1518,94.75674740484426
7,12,94,10,0.01,95,1.4526889546411228,8.92333939283506,1518,94.75674740484426
7,10,94,7,0.01,94,1.451447183167347,8.915711642742075,1569,94.03183391003459
7,15,96,10,0.01,94,1.450379273459491,8.909151862182267,1372,95.70519031141869
7,15,94,10,0.01,96,1.450379273459491,8.909151862182267,1372,95.70519031141869
5,12,94,14,0.015,94,1.450191331413576,8.907997402615045,1667,94.76124567474048
5,12,94,14,0.02,95,1.4500006089909632,8.906825864205972,1684,95.62768166089965
5,12,95,14,0.02,94,1.4500006089909632,8.906825864205972,1684,95.62768166089965
7,10,96,7,0.005,94,1.4493927405804206,8.903091949856224,1476,94.69896193771626
7,10,94,7,0.005,96,1.4493927405804206,8.903091949856224,1476,94.69896193771626
7,10,95,10,0.01,95,1.4487940440206217,8.899414374846558,1563,94.86955017301038
7,10,95,10,0.02,95,1.4486975837966498,8.898821854807315,1668,95.47647058823527
7,12,94,10,0.015,94,1.4479528449650616,8.894247195289148,1593,94.59377162629755
5,12,94,7,0.02,94,1.4478782727453408,8.893789125291631,1679,95.0560553633218
7,15,94,10,0.02,96,1.4450023072127138,8.876123116028095,1562,96.3833910034602
7,15,96,10,0.02,94,1.4450023072127138,8.876123116028095,1562,96.3833910034602
7,8,95,7,0.01,95,1.4442699544448148,8.87162453958999,1579,94.68442906574394
7,15,95,10,0.015,94,1.444094529888734,8.87054697040579,1472,95.47681660899653
7,15,94,10,0.015,95,1.444094529888734,8.87054697040579,1472,95.47681660899653
7,15,94,7,0.02,96,1.4437867703483873,8.868656515590173,1584,96.44567474048444
7,15,96,7,0.02,94,1.4437867703483873,8.868656515590173,1584,96.44567474048444
7,10,95,14,0.02,95,1.4429279583923111,8.86338114639692,1653,95.58927335640138
7,10,94,7,0.015,95,1.4416671619215515,8.855636532673568,1626,94.89100346020759
7,10,95,7,0.015,94,1.4416671619215515,8.855636532673568,1626,94.89100346020759
7,10,95,14,0.01,94,1.4415570435573968,8.854960115651467,1601,94.62595155709342
7,10,94,14,0.01,95,1.4415570435573968,8.854960115651467,1601,94.62595155709342
7,10,95,10,0.015,95,1.4398957329442428,8.844755289359693,1619,95.18200692041522
7,12,94,10,0.02,95,1.4392500460671203,8.840789069937664,1644,95.4764705882353
7,12,95,10,0.02,94,1.4392500460671203,8.840789069937664,1644,95.4764705882353
7,15,96,7,0.01,94,1.4390899581896093,8.839805708386558,1431,95.77301038062285
7,15,94,7,0.01,96,1.4390899581896093,8.839805708386558,1431,95.77301038062285
5,10,94,7,0.02,94,1.438276433086751,8.834808519845817,1722,94.78477508650518
7,10,94,14,0.015,94,1.43680949342534,8.825797643549304,1643,94.49273356401383
7,8,96,10,0.01,96,1.436061493742882,8.821202953811365,1585,95.54048442906574
7,15,95,7,0.01,94,1.435629803303841,8.818551236602463,1431,95.16262975778547
7,15,94,7,0.01,95,1.435629803303841,8.818551236602463,1431,95.16262975778547
5,8,94,7,0.02,94,1.4355171217355565,8.817859074750535,1730,94.49134948096885
7,10,94,14,0.005,95,1.4338050940469307,8.807342711927832,1498,94.23425605536332
7,10,95,14,0.005,94,1.4338050940469307,8.807342711927832,1498,94.23425605536332
7,10,96,10,0.01,95,1.432061644284004,8.796633334741994,1563,95.36955017301038
7,10,95,10,0.01,96,1.432061644284004,8.796633334741994,1563,95.36955017301038
7,10,95,10,0.02,96,1.4316743001730168,8.79425402088192,1668,95.96747404844291
7,10,96,10,0.02,95,1.4316743001730168,8.79425402088192,1668,95.96747404844291
7,15,94,7,0.02,95,1.4316555386942196,8.794138775947838,1584,95.90865051903114
7,15,95,7,0.02,94,1.4316555386942196,8.794138775947838,1584,95.90865051903114
7,12,94,14,0.015,94,1.4316167123657415,8.793900279946833,1609,94.74602076124567
7,10,94,7,0.005,95,1.4315369960861528,8.793410611862257,1476,94.19100346020761
7,10,95,7,0.005,94,1.4315369960861528,8.793410611862257,1476,94.19100346020761
7,8,96,10,0.015,96,1.431248095465903,8.79163600052715,1659,95.79584775086505
7,15,94,7,0.01,94,1.4311120235372363,8.790800160206722,1431,94.55224913494807
5,8,94,14,0.015,94,1.4299498095518128,8.783661102801556,1703,94.23944636678199
7,8,95,14,0.005,95,1.4296076946972158,8.781559615797647,1494,94.4318339100346
7,8,95,7,0.015,95,1.428281206814707,8.773411483647063,1650,94.97404844290658
7,10,94,7,0.015,94,1.427153410874605,8.76648384376432,1626,94.38408304498269
7,8,95,10,0.005,95,1.4267397979142376,8.763943169925753,1481,94.37231833910033
7,12,94,10,0.01,96,1.42587677647488,8.758641943409177,1518,95.31487889273357
7,12,96,10,0.01,94,1.42587677647488,8.758641943409177,1518,95.31487889273357
7,12,96,7,0.02,94,1.425333940779073,8.755307501350705,1650,96.0553633217993
7,12,94,7,0.02,96,1.425333940779073,8.755307501350705,1650,96.0553633217993
7,15,95,14,0.02,96,1.4253256817322872,8.75525676903303,1552,96.6840830449827
7,15,96,14,0.02,95,1.4253256817322872,8.75525676903303,1552,96.6840830449827
7,10,94,10,0.005,96,1.4251270094059159,8.754036397259354,1477,94.67404844290657
7,10,96,10,0.005,94,1.4251270094059159,8.754036397259354,1477,94.67404844290657
5,10,94,14,0.015,94,1.4247474451902788,8.751704872464122,1728,94.5190311418685
7,12,94,10,0.015,95,1.4247306089861766,8.75160145379159,1593,95.13079584775087
7,12,95,10,0.015,94,1.4247306089861766,8.75160145379159,1593,95.13079584775087
7,15,95,14,0.02,95,1.4243654435482498,8.749358375445917,1552,96.16089965397923
5,15,94,14,0.02,94,1.4243164905366636,8.749057674917225,1611,95.50588235294117
7,15,96,10,0.015,94,1.4241469265345164,8.74801610498229,1472,96.05813148788928
7,15,94,10,0.015,96,1.4241469265345164,8.74801610498229,1472,96.05813148788928
7,12,96,10,0.02,94,1.4240722366929153,8.747557312476381,1644,95.99307958477507
7,12,94,10,0.02,96,1.4240722366929153,8.747557312476381,1644,95.99307958477507
7,12,95,14,0.02,95,1.4239091809576288,8.746555720455419,1632,95.83910034602074
7,10,96,7,0.02,95,1.423877628676684,8.746361906280272,1649,96.01072664359862
7,10,95,7,0.02,96,1.423877628676684,8.746361906280272,1649,96.01072664359862
5,12,94,7,0.01,94,1.4238494799430759,8.746188998857344,1576,94.27958477508649
7,15,94,14,0.015,96,1.4237477433287726,8.74556406787318,1533,96.18823529411765
7,15,96,14,0.015,94,1.4237477433287726,8.74556406787318,1533,96.18823529411765
5,8,95,14,0.02,94,1.4216693938431968,8.732797523612302,1734,95.02837370242213
5,8,94,14,0.02,95,1.4216693938431968,8.732797523612302,1734,95.02837370242213
7,15,95,10,0.01,95,1.421480282219754,8.731635879756114,1372,95.31141868512111
7,10,94,10,0.005,95,1.4200958514429871,8.723131825500378,1477,94.16332179930795
7,10,95,10,0.005,94,1.4200958514429871,8.723131825500378,1477,94.16332179930795
7,10,94,14,0.01,94,1.4193854612866554,8.71876815738958,1601,94.13356401384083
5,12,95,14,0.02,95,1.419372126546195,8.71868624693348,1684,95.85674740484427
7,10,95,7,0.02,95,1.4186923790655785,8.714510805624048,1649,95.49723183391004
7,15,94,7,0.02,94,1.4186542594086302,8.714276650448983,1584,95.37162629757785
7,12,94,14,0.015,95,1.418216380741532,8.711586921207967,1609,95.2719723183391
7,12,95,14,0.015,94,1.418216380741532,8.711586921207967,1609,95.2719723183391
7,12,96,7,0.01,94,1.4180895243945333,8.710807688850766,1540,95.38269896193773
7,12,94,7,0.01,96,1.4180895243945333,8.710807688850766,1540,95.38269896193773
7,15,94,14,0.015,95,1.4173356706004636,8.706177039436403,1533,95.6311418685121
7,15,95,14,0.015,94,1.4173356706004636,8.706177039436403,1533,95.6311418685121
7,15,96,14,0.01,94,1.416722848744042,8.702412697871937,1494,95.82975778546714
7,15,94,14,0.01,96,1.416722848744042,8.702412697871937,1494,95.82975778546714
7,15,94,14,0.005,96,1.416478831068041,8.700913786123587,1346,95.45051903114187
7,15,96,14,0.005,94,1.416478831068041,8.700913786123587,1346,95.45051903114187
7,10,96,10,0.015,95,1.415100340901824,8.692446222875763,1619,95.6795847750865
7,10,95,10,0.015,96,1.415100340901824,8.692446222875763,1619,95.6795847750865
7,12,95,7,0.01,94,1.4149497296259825,8.69152107263873,1540,94.81937716262976
7,12,94,7,0.01,95,1.4149497296259825,8.69152107263873,1540,94.81937716262976
7,12,95,7,0.02,94,1.4145732071828505,8.689208232344631,1650,95.52802768166092
7,12,94,7,0.02,95,1.4145732071828505,8.689208232344631,1650,95.52802768166092
10,10,94,14,0.02,95,1.4145507648995124,8.689070377568262,1704,95.29342560553631
10,10,95,14,0.02,94,1.4145507648995124,8.689070377568262,1704,95.29342560553631
7,10,94,10,0.005,94,1.414262337324156,8.687298671975723,1477,93.65259515570934
7,12,95,14,0.02,96,1.4140169372953888,8.685791268937582,1632,96.34913494809688
7,12,96,14,0.02,95,1.4140169372953888,8.685791268937582,1632,96.34913494809688
7,10,94,7,0.005,94,1.4130727494048119,8.679991466460041,1476,93.68304498269895
5,10,94,14,0.02,95,1.4118320005399858,8.67236999788155,1754,95.34602076124568
5,10,95,14,0.02,94,1.4118320005399858,8.67236999788155,1754,95.34602076124568
7,8,95,7,0.005,95,1.4114363677501653,8.66993976968492,1477,94.39930795847748
7,12,94,7,0.01,94,1.4108798260641797,8.666521136718487,1540,94.2560553633218
7,10,95,7,0.01,96,1.4105701009053404,8.664618607824057,1569,95.42145328719724
7,10,96,7,0.01,95,1.4105701009053404,8.664618607824057,1569,95.42145328719724
7,15,94,14,0.015,94,1.4099476820983994,8.660795315686347,1533,95.07404844290656
7,15,96,7,0.015,94,1.4083381805220363,8.650908733446352,1515,96.10934256055363
7,15,94,7,0.015,96,1.4083381805220363,8.650908733446352,1515,96.10934256055363
7,12,95,10,0.01,95,1.4071399174066834,8.643548239359818,1518,95.06332179930796
5,8,94,7,0.01,94,1.4070502055766851,8.642997172247984,1623,93.82560553633216
10,8,94,14,0.02,94,1.4066629751335733,8.640618556608286,1686,94.4878892733564
7,15,96,7,0.005,94,1.4063817984705789,8.638891390730672,1306,95.41038062283738
7,15,94,7,0.005,96,1.4063817984705789,8.638891390730672,1306,95.41038062283738
7,10,94,14,0.005,94,1.4058064903115883,8.635357482152557,1498,93.72941176470587
5,10,94,7,0.01,94,1.4043750502904346,8.6265646672224,1617,94.0553633217993
7,12,96,14,0.015,94,1.4040282372829473,8.624434321175663,1609,95.79792387543252
7,12,94,14,0.015,96,1.4040282372829473,8.624434321175663,1609,95.79792387543252
7,8,96,7,0.02,96,1.4039253883178826,8.623802557425726,1676,96.06020761245674
7,12,94,7,0.02,94,1.4030178204409194,8.618227698360196,1650,95.00069204152247
10,12,94,14,0.02,94,1.402459485740253,8.614798051557331,1676,95.11626297577853
7,15,94,7,0.005,95,1.4021878423990046,8.613129445404569,1306,94.77093425605536
7,15,95,7,0.005,94,1.4021878423990046,8.613129445404569,1306,94.77093425605536
7,12,94,10,0.015,96,1.400993100360684,8.605790580012386,1593,95.66782006920415
7,12,96,10,0.015,94,1.400993100360684,8.605790580012386,1593,95.66782006920415
7,8,96,14,0.015,96,1.4001073888481412,8.600349976636618,1654,95.88650519031141
7,15,94,14,0.01,95,1.399815439557767,8.598556638430816,1494,95.24671280276816
7,15,95,14,0.01,94,1.399815439557767,8.598556638430816,1494,95.24671280276816
5,12,95,7,0.02,94,1.399558220060262,8.596976632699128,1679,95.56401384083046
5,12,94,7,0.02,95,1.399558220060262,8.596976632699128,1679,95.56401384083046
7,15,95,10,0.01,96,1.399434343994142,8.596215707122385,1372,95.93183391003461
7,15,96,10,0.01,95,1.399434343994142,8.596215707122385,1372,95.93183391003461
5,12,96,14,0.02,94,1.3990503704153614,8.593857097214604,1684,96.1356401384083
5,12,94,14,0.02,96,1.3990503704153614,8.593857097214604,1684,96.1356401384083
7,10,96,14,0.015,95,1.3976595160805068,8.58531358538005,1643,95.7961937716263
7,10,95,14,0.015,96,1.3976595160805068,8.58531358538005,1643,95.7961937716263
7,15,95,10,0.02,95,1.3974960359329396,8.584309386348954,1562,96.02941176470588
7,12,95,14,0.01,94,1.3974855919208848,8.584245232585074,1577,94.90346020761245
7,12,94,14,0.01,95,1.3974855919208848,8.584245232585074,1577,94.90346020761245
7,12,94,14,0.01,94,1.3974488826162292,8.584019740690701,1577,94.3674740484429
7,15,94,7,0.005,94,1.3969340036397573,8.580857026581382,1306,94.13148788927334
7,12,96,14,0.01,94,1.3966161177519854,8.578904369300057,1577,95.439446366782
7,12,94,14,0.01,96,1.3966161177519854,8.578904369300057,1577,95.439446366782
7,15,95,7,0.015,94,1.395357357057221,8.571172260607513,1515,95.54013840830449
7,15,94,7,0.015,95,1.395357357057221,8.571172260607513,1515,95.54013840830449
7,15,95,10,0.015,95,1.3951621390486948,8.569973107450805,1472,95.67889273356401
7,12,94,14,0.005,96,1.3951268587402266,8.56975639335978,1462,95.06020761245674
7,12,96,14,0.005,94,1.3951268587402266,8.56975639335978,1462,95.06020761245674
7,10,95,7,0.01,95,1.3946724043910361,8.566964845738095,1569,94.90657439446363
7,15,94,10,0.005,94,1.3945430431555033,8.56617022676254,1257,94.08304498269892
5,12,94,10,0.01,94,1.394178380562021,8.563930237207229,1523,94.19307958477506
10,10,94,14,0.015,94,1.3937238844710764,8.561138433181144,1669,94.4539792387543
7,8,96,14,0.01,96,1.3933430645461629,8.558799195020972,1618,95.63460207612455
10,10,94,10,0.01,94,1.3923461524216225,8.552675526768601,1604,93.96470588235294
7,15,95,10,0.005,94,1.390800604084946,8.543181785997644,1257,94.7342560553633
7,15,94,10,0.005,95,1.390800604084946,8.543181785997644,1257,94.7342560553633
5,8,94,7,0.015,94,1.390608217983173,8.542000028213156,1707,94.15570934256053
5,12,94,14,0.015,95,1.390348538152736,8.54040490955196,1667,95.2878892733564
5,12,95,14,0.015,94,1.390348538152736,8.54040490955196,1667,95.2878892733564
7,12,94,14,0.005,95,1.3900357944518607,8.538483838852711,1462,94.5
7,12,95,14,0.005,94,1.3900357944518607,8.538483838852711,1462,94.5
7,15,95,14,0.005,94,1.389687721837884,8.536345755501873,1346,94.82387543252595
7,15,94,14,0.005,95,1.389687721837884,8.536345755501873,1346,94.82387543252595
7,10,95,14,0.01,96,1.3894656915678094,8.534981904383553,1601,95.48235294117647
7,10,96,14,0.01,95,1.3894656915678094,8.534981904383553,1601,95.48235294117647
7,12,96,7,0.015,94,1.3894413814572069,8.534832576224286,1588,95.71903114186851
7,12,94,7,0.015,96,1.3894413814572069,8.534832576224286,1588,95.71903114186851
5,8,95,14,0.02,95,1.3885789107653315,8.529534732748992,1734,95.35224913494808
7,12,95,10,0.02,95,1.388396852091552,8.52841641259494,1644,95.7190311418685
7,8,96,7,0.01,96,1.3882961735931354,8.52779798123146,1579,95.57716262975778
7,15,95,10,0.02,96,1.388283101564274,8.527717684517073,1562,96.56678200692042
7,15,96,10,0.02,95,1.388283101564274,8.527717684517073,1562,96.56678200692042
5,10,95,14,0.02,95,1.3872371976677436,8.52129307764496,1754,95.62110726643598
7,10,96,7,0.015,95,1.3865757378422463,8.517229970743251,1626,95.71972318339101
7,10,95,7,0.015,96,1.3865757378422463,8.517229970743251,1626,95.71972318339101
5,12,94,7,0.015,94,1.3860257199252688,8.513851410914839,1657,94.6705882352941
5,12,94,14,0.01,94,1.3859857622032046,8.51360596517492,1615,94.36055363321798
7,15,94,10,0.005,96,1.385985460149914,8.513604109771519,1257,95.38546712802768
7,15,96,10,0.005,94,1.385985460149914,8.513604109771519,1257,95.38546712802768
10,10,95,14,0.02,95,1.3856805775038392,8.511731326670072,1704,95.57508650519031
7,12,94,7,0.005,94,1.385641041415963,8.511488470875474,1455,93.88096885813148
7,10,95,14,0.005,96,1.3853112910064052,8.50946293415613,1498,95.14429065743944
7,10,96,14,0.005,95,1.3853112910064052,8.50946293415613,1498,95.14429065743944
5,8,95,7,0.02,94,1.385164060966828,8.50855855362252,1730,94.96608996539793
5,8,94,7,0.02,95,1.385164060966828,8.50855855362252,1730,94.96608996539793
7,12,94,7,0.005,95,1.3850394086972309,8.507792860110396,1455,94.45051903114187
7,12,95,7,0.005,94,1.3850394086972309,8.507792860110396,1455,94.45051903114187
5,12,94,7,0.01,95,1.384814675620261,8.506412406633283,1576,94.839446366782
5,12,95,7,0.01,94,1.384814675620261,8.506412406633283,1576,94.839446366782
7,12,94,14,0.005,94,1.384051652219757,8.501725431664815,1462,93.93979238754324
7,12,94,7,0.005,96,1.3835168785567236,8.498440511738666,1455,95.02006920415225
7,12,96,7,0.005,94,1.3835168785567236,8.498440511738666,1455,95.02006920415225
5,8,96,14,0.02,94,1.3828804906496577,8.49453141250438,1734,95.50449826989619
5,8,94,14,0.02,96,1.3828804906496577,8.49453141250438,1734,95.50449826989619
5,15,94,14,0.015,94,1.38276010001285,8.493791896651022,1564,95.1100346020761
7,10,95,14,0.015,95,1.3821016325570117,8.489747170786748,1643,95.30415224913493
7,15,94,14,0.01,94,1.3820904920575539,8.489678738754309,1494,94.6636678200692
7,12,95,10,0.015,95,1.3816348437641737,8.486879857168125,1593,95.40380622837368
7,15,94,7,0.015,94,1.381523407506656,8.486195344806879,1515,94.97093425605534
7,12,96,10,0.01,95,1.3811684363053482,8.484014885945516,1518,95.62145328719723
7,12,95,10,0.01,96,1.3811684363053482,8.484014885945516,1518,95.62145328719723
7,10,95,7,0.005,96,1.3799134264603408,8.47630581735752,1476,95.10761245674739
7,10,96,7,0.005,95,1.3799134264603408,8.47630581735752,1476,95.10761245674739
5,15,94,14,0.02,95,1.3781843091224963,8.465684479041203,1611,96.02006920415225
5,15,95,14,0.02,94,1.3781843091224963,8.465684479041203,1611,96.02006920415225
7,12,95,7,0.015,94,1.3776219647982597,8.46223020258046,1588,95.17750865051902
7,12,94,7,0.015,95,1.3776219647982597,8.46223020258046,1588,95.17750865051902
7,10,96,14,0.02,96,1.377581422695309,8.4619811672015,1653,96.359169550173
7,15,95,7,0.01,96,1.377359029530407,8.46061508695237,1431,95.9961937716263
7,15,96,7,0.01,95,1.377359029530407,8.46061508695237,1431,95.9961937716263
7,15,96,7,0.02,95,1.3768273528879826,8.457349190896343,1584,96.62145328719724
7,15,95,7,0.02,96,1.3768273528879826,8.457349190896343,1584,96.62145328719724
5,10,95,7,0.02,94,1.3766257839737244,8.456111026437789,1722,95.278892733564
5,10,94,7,0.02,95,1.3766257839737244,8.456111026437789,1722,95.278892733564
7,12,94,10,0.005,94,1.3765051859855262,8.455370236900325,1432,93.84498269896193
7,15,96,10,0.015,95,1.3758902443698908,8.451592874426714,1472,96.26020761245675
7,15,95,10,0.015,96,1.3758902443698908,8.451592874426714,1472,96.26020761245675
5,12,95,10,0.01,94,1.3758101664113527,8.451100984680021,1523,94.76228373702422
5,12,94,10,0.01,95,1.3758101664113527,8.451100984680021,1523,94.76228373702422
5,8,94,14,0.01,94,1.3756013513743868,8.449818309927645,1643,93.89688581314878
7,8,96,14,0.005,96,1.375479595537474,8.449070408147046,1494,95.35501730103803
5,12,95,7,0.02,95,1.3751114082755813,8.446808767836854,1679,95.80103806228372
5,12,95,14,0.015,95,1.3743649291074418,8.442223418064827,1667,95.54775086505191
7,15,95,7,0.01,95,1.374047904582699,8.440276051823007,1431,95.38581314878891
7,12,96,10,0.02,95,1.3737554356574457,8.438479521689317,1644,96.23564013840831
7,12,95,10,0.02,96,1.3737554356574457,8.438479521689317,1644,96.23564013840831
7,10,96,10,0.01,96,1.3737168656456058,8.438242600148106,1563,95.74532871972318
10,10,94,14,0.01,94,1.3736334676352757,8.43773031653193,1606,94.09342560553631
7,10,95,7,0.015,95,1.3734125522373195,8.436373313667161,1626,95.21280276816609
10,8,94,10,0.01,94,1.3733638888726907,8.436074392334282,1594,93.72179930795846
7,10,96,10,0.02,96,1.3732330425327763,8.435270650903169,1668,96.26297577854672
7,8,96,7,0.015,96,1.3729911653631668,8.433784887506325,1650,95.82629757785466
5,8,95,14,0.015,94,1.3728729755631406,8.433058890592095,1703,94.7114186851211
5,8,94,14,0.015,95,1.3728729755631406,8.433058890592095,1703,94.7114186851211
5,15,94,10,0.01,94,1.3711916519703364,8.422731131852112,1362,94.48235294117644
10,10,96,14,0.02,94,1.3704637678619567,8.418260004762605,1704,95.7840830449827
10,10,94,14,0.02,96,1.3704637678619567,8.418260004762605,1704,95.7840830449827
5,10,94,7,0.015,94,1.3704611805288813,8.41824411171745,1695,94.41868512110726
7,12,95,14,0.015,95,1.3702497477413522,8.416945357076361,1609,95.53425605536331
5,8,94,10,0.01,94,1.369774472255958,8.41402591279497,1588,93.74878892733562
5,12,95,14,0.02,96,1.369498070331378,8.412328076397179,1684,96.36470588235296
5,12,96,14,0.02,95,1.369498070331378,8.412328076397179,1684,96.36470588235296
7,12,94,10,0.005,95,1.3694498213529989,8.412031700488173,1432,94.42006920415224
7,12,95,10,0.005,94,1.3694498213529989,8.412031700488173,1432,94.42006920415224
7,10,95,14,0.01,95,1.3688936864794894,8.408615566422679,1601,94.98996539792388
5,8,94,7,0.01,95,1.368234442640354,8.404566071518456,1623,94.29688581314878
5,8,95,7,0.01,94,1.368234442640354,8.404566071518456,1623,94.29688581314878
7,8,96,10,0.005,96,1.367849152420805,8.402199373965761,1481,95.30449826989619
5,10,94,14,0.01,94,1.3674334547313216,8.399645894395185,1676,94.14602076124567
5,15,94,7,0.02,94,1.3664584096233483,8.393656547264836,1614,95.43252595155708
7,10,96,10,0.005,95,1.3657293355534381,8.389178110674857,1477,95.08442906574393
7,10,95,10,0.005,96,1.3657293355534381,8.389178110674857,1477,95.08442906574393
7,15,95,7,0.02,95,1.3652594568703784,8.386291816985485,1584,96.08442906574395
7,12,94,7,0.015,94,1.365036689575341,8.384923438591134,1588,94.63598615916953
5,8,95,7,0.02,95,1.3646879811116364,8.3827814494469,1730,95.29861591695501
7,10,96,10,0.015,96,1.364057463701357,8.378908410537202,1619,96.01245674740485
5,10,95,7,0.02,95,1.3639640324071134,8.37833449611059,1722,95.56020761245675
7,10,95,7,0.005,95,1.3629141515351035,8.371885460125936,1476,94.59965397923875
7,15,95,14,0.015,96,1.362889176934254,8.371732050244992,1533,96.38615916955018
7,15,96,14,0.015,95,1.362889176934254,8.371732050244992,1533,96.38615916955018
7,15,94,14,0.005,94,1.3623616869843291,8.368491871516813,1346,94.19723183391001
7,12,95,7,0.02,96,1.3623440764494563,8.368383696412254,1650,96.28477508650519
7,12,96,7,0.02,95,1.3623440764494563,8.368383696412254,1650,96.28477508650519
7,8,96,7,0.005,96,1.3618361771915097,8.36526385617285,1477,95.3266435986159
5,10,96,14,0.02,94,1.3616302830718794,8.363999123552299,1754,95.83667820069205
5,10,94,14,0.02,96,1.3616302830718794,8.363999123552299,1754,95.83667820069205
7,12,96,10,0.005,94,1.3615282444764554,8.363372337608048,1432,94.99515570934255
7,12,94,10,0.005,96,1.3615282444764554,8.363372337608048,1432,94.99515570934255
10,10,94,10,0.015,94,1.3612521258962131,8.36167624169137,1686,94.34740484429064
5,12,94,14,0.005,94,1.361214057235484,8.361442399767515,1483,93.93148788927334
7,10,95,10,0.005,95,1.3609083162274327,8.359564344060935,1477,94.57370242214532
7,12,96,7,0.01,95,1.3602395346251934,8.355456262150215,1540,95.67820069204151
7,12,95,7,0.01,96,1.3602395346251934,8.355456262150215,1540,95.67820069204151
5,10,95,14,0.015,94,1.3596253377060126,8.351683474075813,1728,95.01730103806229
5,10,94,14,0.015,95,1.3596253377060126,8.351683474075813,1728,95.01730103806229
10,15,94,14,0.02,94,1.3595895362783768,8.351463558939457,1609,95.50173010380621
10,8,94,14,0.02,95,1.359361402893007,8.350062218605736,1686,94.96505190311419
10,8,95,14,0.02,94,1.359361402893007,8.350062218605736,1686,94.96505190311419
7,10,95,14,0.005,95,1.3590570030106586,8.348192400946107,1498,94.63944636678198
7,12,96,10,0.015,95,1.358615471605416,8.34548023426446,1593,95.94083044982699
7,12,95,10,0.015,96,1.358615471605416,8.34548023426446,1593,95.94083044982699
5,8,95,14,0.015,95,1.3584915531321775,8.344719048196227,1703,95.07750865051902
10,10,94,10,0.01,95,1.3579482929062114,8.341381998403541,1604,94.47231833910035
10,10,95,10,0.01,94,1.3579482929062114,8.341381998403541,1604,94.47231833910035
7,15,96,14,0.02,96,1.3577704543780589,8.340289601067719,1552,96.85882352941175
5,12,95,7,0.01,95,1.357556107985685,8.338972949212778,1576,95.13460207612457
5,10,94,7,0.01,95,1.3574241170874428,8.338162177176535,1617,94.57785467128026
5,10,95,7,0.01,94,1.3574241170874428,8.338162177176535,1617,94.57785467128026
7,12,95,7,0.01,95,1.3572281634581915,8.336958505369518,1540,95.11487889273356
5,12,95,14,0.01,94,1.3567796461108648,8.3342034265889,1615,94.90830449826989
5,12,94,14,0.01,95,1.3567796461108648,8.3342034265889,1615,94.90830449826989
7,15,95,14,0.015,95,1.3567516166644125,8.334031251903543,1533,95.82906574394464
5,12,96,10,0.01,94,1.3567048035438958,8.333743695946657,1523,95.33148788927336
5,12,94,10,0.01,96,1.3567048035438958,8.333743695946657,1523,95.33148788927336
5,12,94,7,0.005,94,1.356701503988385,8.333723427978367,1474,93.88512110726643
7,12,96,14,0.015,95,1.3565414180261843,8.332740078192316,1609,96.06020761245676
7,12,95,14,0.015,96,1.3565414180261843,8.332740078192316,1609,96.06020761245676
5,15,94,7,0.01,94,1.3558632511460726,8.328574345936362,1451,94.58823529411762
5,15,95,14,0.02,95,1.3555147199753723,8.326433445838509,1611,96.1961937716263
5,8,95,10,0.01,94,1.3548746560059508,8.322501765891452,1588,94.22456747404844
5,8,94,10,0.01,95,1.3548746560059508,8.322501765891452,1588,94.22456747404844
7,10,96,7,0.02,96,1.3547641920265552,8.321823225880749,1649,96.2871972318339
7,12,96,14,0.02,96,1.354695117543469,8.321398926477912,1632,96.57923875432526
5,10,94,10,0.01,94,1.3537751537047267,8.315747923531957,1570,93.97301038062282
5,12,94,10,0.02,96,1.352610546478336,8.308594165318796,1692,96.00968858131488
5,12,96,10,0.02,94,1.352610546478336,8.308594165318796,1692,96.00968858131488
7,15,96,14,0.01,95,1.3521096514617517,8.305517349584166,1494,96.05951557093425
7,15,95,14,0.01,96,1.3521096514617517,8.305517349584166,1494,96.05951557093425
7,12,95,7,0.02,95,1.3520593960440859,8.305208648849073,1650,95.75743944636676
5,12,94,7,0.02,96,1.3519616062375373,8.3046079616681,1679,96.0719723183391
5,12,96,7,0.02,94,1.3519616062375373,8.3046079616681,1679,96.0719723183391
10,12,95,14,0.02,94,1.3519347938373283,8.304443262854747,1676,95.619723183391
10,12,94,14,0.02,95,1.3519347938373283,8.304443262854747,1676,95.619723183391
10,8,94,14,0.015,94,1.3518903571245149,8.304170304305245,1645,94.17647058823529
5,10,95,14,0.015,95,1.3518728847323909,8.304062977761301,1728,95.32871972318338
5,12,95,7,0.015,94,1.3518183220535511,8.303727819088886,1657,95.20311418685121
5,12,94,7,0.015,95,1.3518183220535511,8.303727819088886,1657,95.20311418685121
5,8,95,14,0.02,96,1.3506927342230037,8.29681374281927,1734,95.82837370242214
5,8,96,14,0.02,95,1.3506927342230037,8.29681374281927,1734,95.82837370242214
